Subsystem	Feature	CurrentPath	ReferencePath	CurrentStatus	ReferenceStatus	Classification	Priority	PortMethod	Risk	Dependency	ReferenceCommit	Notes
Board	SM8750 sun/pagani identity	device/oneplus/pagani/BoardConfig.mk; device/oneplus/sm8750-common/BoardConfigCommon.mk	pagani/BoardConfig.mk; sm8750-common/BoardConfigCommon.mk	Builds and boots on PKX110	Builds for PKX110	IDENTICAL	P0	No action	LOW	DT/project 24821, kernel family	438f9c9e; faca90d7	Both trees target pagani/SM8750; current runtime is proven.
Display	1216x2640 density 480	device/oneplus/pagani/configs/display/displayconfig.xml	pagani/configs/display/displayconfig.xml	Runtime display works	Same stock-derived values	IDENTICAL	P1	No action	LOW	Panel AA594 P7 A0020	c628b3f3; 7d89a922	The XML is byte-identical; reference has more display-id copy destinations.
UDFPS	SensorProps coordinates and radius	hardware/oplus/fingerprint/shims/SensorPropsShim.cpp	pagani/addons/fingerprint/shims/SensorPropsShim.cpp	Shared shim reads iconlocation, sensorlocation and iconsize	Pagani-local shim reads sensorlocation and iconsize	DIFFERENT_IMPLEMENTATION	P0	Keep current shared shim; validate properties	LOW	Fingerprint AIDL v3, DRM resolution, vendor props	7d368415	Current iconlocation path derives X/Y from active DRM mode and still applies radius; runtime props are 608::2395, iconlocation 245, iconsize 199.
UDFPS	UFF HIDL wrapper, HBM and fp-press ioctl	hardware/oplus/hidl/fingerprint/BiometricsFingerprint.cpp	hardware-oplus/hidl/fingerprint/BiometricsFingerprint.cpp	HAL runs; HBM/fp state cleanup present	Same wrapper	IDENTICAL	P0	No copy	MEDIUM	/dev/oplus_display, UFF HAL, panel ioctl	7f4f347c; c9225a7d; dfba74a2; 0dee4e5	Do not duplicate this bridge. For UFF the wrapper suppresses vendor finger callbacks but still drives fp-press ioctl.
UDFPS	SM8750 connector fingerprint_mask/OFP chain	hardware/qcom-caf/sm8750/display/core; device/oneplus/pagani/device.mk (dirty flag)	not present in reference hardware-oplus tree	Source chain exists; current ROM still has no proven UI_READY result	Reference uses pagani extension only	DIFFERENT_IMPLEMENTATION	P0	Test current chain as one change group	HIGH	qtidisplay oplus_udfps, DRM connector property, kernel OFP	-	Current sm8750 code has CONNECTOR_SET_FINGERPRINT_MASK and hbm_enable mapping; the enabling Soong flag is an uncommitted experiment and runtime success is not established.
UDFPS	Enrollment UI_READY trigger	frameworks/base SystemUI; FingerprintEnrollClient	frameworks_base fingerprint patch; notify_fppress patch	Enrollment times out at 502 ms with error 15001; no UDFPS_UI_READY log	Reference adds framework/kernel trigger path	MISSING	P0	Manual port after tracing fppress path	HIGH	SystemUI touch, notify_fppress, OFP/netlink, HAL waitUiready	db252a01b7f305abaa02396a4debfe4763160a61; ec83fae40db97ab5a2fc399f7328c70b66979851	Reference patch set does not simply add enroll onUiReady; its final design writes notify_fppress from SystemUI and labels the node.
UDFPS	Gesture stealing and sleep overlay cleanup	frameworks/base/packages/SystemUI/.../UdfpsController*	frameworks_base/0001-Fix-pagani-s-fingerprint-problem.patch	No layout exclusion update or force-hide on sleep	Adds both behaviors	MISSING	P1	Manual port only after UI lifecycle review	MEDIUM	Udfps overlay layout, wakefulness lifecycle, navigation gestures	f09f2929	Port the lifecycle/layout hunks separately from error suppression; current Android 16 Udfps lifecycle differs from patch context.
UDFPS	Vendor error 10108 handling	frameworks/base/services/.../AidlResponseHandler.java	frameworks_base fingerprint patch	No bounded 10108 counter; 15001 is the observed enrollment error	Ignores five error=1/vendorCode=10108 responses	MISSING	P1	Do not port until reproduced	HIGH	AIDL response handler, session state, HAL semantics	f09f2929	Observed 10108 is a rapid-finger-up fallback, not the primary 15001 waitUiready failure; suppressing it may mask hardware failure.
Radio	OPlus Radio AIDL and IMS instances	device/oneplus/sm8750-common/vintf/network_manifest_odm.xml; hardware/oplus/interfaces	matching common manifest and interfaces	OplusRadio0/1, OplusImsRadio0/1 present	Same	IDENTICAL	P0	No copy	HIGH	Vendor radio services, AIDL V2, QTI IMS	39ad2e26	Runtime NR SA/data/phone evidence proves the functional radio path is alive.
Radio	oplusreserve2 first-stage mount	device/oneplus/sm8750-common/init/fstab.default; hardware/oplus/sepolicy/qti/vendor/file_contexts	same common fstab and reserve labels	Mounted in current tree	Same mount and radio subtree labels	IDENTICAL	P0	No copy	HIGH	/dev/block/by-name/oplusreserve2, qcrild, reserve SELinux labels	807c9f86	Reference presence is not a missing current feature; do not alter partition handling for signal bars.
Radio	nrmodeswitcher	device/oneplus/sm8750-common/common.mk; hardware/oplus/nrmodeswitcher	same paths	Built and source files identical	Built and source files identical	IDENTICAL	P0	No copy	MEDIUM	OPlus Radio AIDL, service rc, radio props	4fe5f0ad	Current implementation includes the same retry and SA_PRE mode path.
Radio	CarrierConfig and Chinese PLMN overlays	device/oneplus/sm8750-common/overlay/CarrierConfigResCommon/res/xml/vendor.xml	sm8750-common/overlay/CarrierConfigResCommon/res/xml/vendor.xml	Carrier XML byte-identical; runtime uses AOSP NR thresholds	Same XML; no requested PLMN-specific NR threshold table	IDENTICAL	P0	Do not copy; investigate product CarrierSettings separately	MEDIUM	CarrierConfig overlay, framework SignalStrength thresholds, vendor carrier data	537192b6	46001/46006/46009/46011 are not a reference-only source gap. The current -110/-90/-80/-65 NR bar behavior is outside this XML.
Display	LTPO user control app and adfr_config	absent; default display modes work	hardware-oplus/ltpo; OplusLtpo	No user toggle; 60/90/120 modes work	Privileged Settings app writes 0x109f/0x0	MISSING	P1	Manual port only as optional UX	HIGH	/sys/kernel/oplus_display/adfr_config, privileged system_ext app, undocumented magic value	339ec1a1	This is a ROM-specific control UI, not proof of missing panel support; do not make it a P0 hardware port.
Touch	Synaptics S3910, DT2W and touch HAL	device/oneplus/sm8750-common/touch; hardware/oplus/touch	sm8750-common/touch; hardware-oplus/touch	Touch and UDFPS touch-down work	Same common implementation and pagani firmware	IDENTICAL	P1	No copy	MEDIUM	S3910 HBP firmware, OplusTouch AIDL, touchdaemon	cf273d44; a3f11e00	Current touch works; UDFPS failure is the UI-ready/OFP boundary, not evidence of a missing kernel touch driver.
Audio	Policy, volume, ACDB, mixer and effects	device/oneplus/pagani/configs/audio; common audio configs; vendor blobs	common audio configs plus reference audio proprietary additions	Audio runtime passes; generation differs	Reference carries newer audio dependency/stub assets	PARTIALLY_PORTED	P1	Manual selective port with ABI checks	HIGH	AIDL audio HAL, ACDB, mixer paths, OPrec/ADSP	2320a9b6	Do not replace working calibration wholesale; compare exact .501/.500 source and ELF dependencies.
Camera	Pagani sensors, provider, fwk_config and modules	device/oneplus/pagani/proprietary-files.txt; vendor/oneplus/pagani	pagani/proprietary-files.txt; vendor-pagani HEAD	Four camera devices and basic camera pass	Reference has newer camera service/config/NDK inventory	PARTIALLY_PORTED	P1	Manual manifest/dependency audit; no blob swap	HIGH	CamX provider, sensor tuning, VINTF, camera AON/RFI/cammidas	191dcbfc; d9b3335f	Current dirty proprietary list changes NDK module suffixes; preserve and audit, do not reset or overwrite.
Sensors	QSH multihal and pagani sensor configs	hardware/oplus/sensors; common sensors; vendor configs	hardware-oplus/sensors; common sensor configs	Sensors pass with BMI26x/AK0991x/TCS3720	Reference uses different common/SKU config generation	DIFFERENT_IMPLEMENTATION	P1	Keep pagani configs; compare only missing device-specific assets	MEDIUM	QSH wrapper, sensor DSP, calibration and OIS config	-	Common source is not proof that SKU-specific proprietary JSON can be exchanged.
NFC	NXP SN220/SN200 service and firmware	common NFC packages; pagani libnfc configs and sn220u.bin	reference common/vendor NFC assets	NFC enabled and functional	Same NXP category	IDENTICAL	P2	No copy	LOW	NXP AIDL service, libnfc config, firmware	-	No source evidence supports changing a working NFC stack.
Connectivity	Wi-Fi and Bluetooth firmware/services	pagani Peach Wi-Fi assets; common QTI BT/WLAN	reference pagani/common same categories	Wi-Fi works; BT services present	Same hardware categories	IDENTICAL	P2	No copy	MEDIUM	Firmware/config pairing, QCACLD, BT AIDL	-	Pairing and long-run RF tests remain runtime gaps, not source gaps.
USB	USB gadget, compositions and permissions	common.mk; hardware/oplus USB integration	same common/hardware paths	ADB/USB pass	Same composition path	IDENTICAL	P2	No copy	LOW	QTI USB gadget, compositions config, keylayout	-	No reason to import reference USB changes.
Charging	OPlus charger HAL, fast-charge config, health	common health/charger; pagani fastchg assets	reference adds/changes charger service generation	Charging passes at baseline	Reference has broader charger/gauge/wlschgd assets	PARTIALLY_PORTED	P1	Manual coherent generation port only	HIGH	ICharger AIDL, /dev/oplus_chg, fastchg configs, thermal	214397be	Working charge behavior is not justification for importing newer ICharger or firmware.
Haptics	809 effect bank and effect-stream vibrator	pagani vibrator assets; common Oplus vibrator	reference same asset category	Basic haptics work	Same effect-stream design	IDENTICAL	P2	No copy	MEDIUM	Oplus vibrator service, effect JSON, firmware	-	Do not add Oplus framework haptic APIs merely because reference has stubs.
Power	Power HAL, perf hints and thermal	pagani qtipower power-ext-oplus; common QTI powerhint.xml	pagani libperfmgr extension; common powerhint.json	Runtime stable; different ownership/generation	Reference uses older/different perf stack and tuning	DIFFERENT_IMPLEMENTATION	P1	Keep current; selective evidence-based audit	HIGH	Power HAL, qti-perfd, thermal HAL, libperfmgr, UAH	4f2f08af	Benchmark-oriented or aggressive reference hints are ROM tuning, not a required hardware adaptation.
PlusKey	GPIO keylayout and assistant/camera mapping	device/oneplus/pagani/configs/keylayout/gpio-keys.kl	pagani/configs/keylayout/gpio-keys.kl plus KeyHandler/tri-state packages	Keylayout behavior present; no confirmed PlusKey framework layer	Reference adds alert-slider/keyhandler packages	PARTIALLY_PORTED	P2	Manual only after event capture	MEDIUM	GPIO key events, KeyHandler, tri-state calibration	-	Reference packages appear alert-slider/pogo UX; do not add without PKX110 event evidence.
SELinux	Fingerprint/TEE/HBM service domains and files	hardware/oplus/sepolicy; device sepolicy	additional pagani notify_fppress types/rules	Base HAL/TEE/radio rules work; no fppress label	Reference labels platform_app write access to notify_fppress	PARTIALLY_PORTED	P0	Manual rule addition only with node proof	HIGH	platform_app -> sysfs_notify_fppress; HAL -> TEE/display; qcrild -> reserve	ec83fae4	Rule count is not the metric; the missing dependency is the exact node/service/file chain.
Framework	Reference extraPatches/frameworks_base	no current extraPatches tree; current framework is Android 16 Lineage	vendor_extraPatches/patches/frameworks_base	No reference patch integrated	Patch files are stored and vendorsetup applies them in batch	MANUAL_PORT_REQUIRED	P0	Review/rebase each patch separately	HIGH	Current framework context, SystemUI lifecycle, telephony safety	f09f2929; db252a01	Patch presence is not proof of effect; vendorsetup aborts a git am batch on failure. ICCID revert is obsolete/dangerous.
Proprietary	Pagani vendor tree and generated extraction	vendor/oneplus/pagani generated from PKX110_16.0.3.501; current list dirty	vendor-pagani HEAD from COS 11 C.58 / .500 baseline	Working .501/.401 proprietary baseline boots and functions	Reference HEAD is .500-generation and larger	DIFFERENT_IMPLEMENTATION	P1	Manual path/Soname/VINTF comparison; no wholesale copy	HIGH	Blob ABI, generated Android.mk, VINTF, partition generation	438f9c9e; b82c534b	Reference vendor checkout worktree was interrupted; committed Git objects were used. Baseline mismatch is material.
Oplus APIs	Hardware Oplus interface generation	hardware/oplus HEAD ec3b8211; current shared ownership and SM8750 display path	hardware-oplus HEAD 7cd64aa6	Current checkout retains the shared current-generation ownership	Reference uses more pagani-local addon ownership	ALREADY_BETTER	P1	Keep current; port only missing device behavior	MEDIUM	AIDL stability, FCM, current display/OFP integration	7cd64aa6	This is an architecture/source advantage, not a claim that UDFPS runtime is already fixed; that remains a separate NEEDS_DEVICE_TEST item.
Kernel	Pagani fingerprint/touch/panel/radio kernel support	kernel/oneplus/sm8750 @ 999b95d4; modules @ eab0a34a; DT @ ebb25e35	Reference kernel repositories not cloned by design	Current kernel 6.6.142 boots and required drivers work	Reference kernel status not audited	NEEDS_DEVICE_TEST	P2	Do not clone/port until userspace evidence demands it	HIGH	GKI KMI, modules, DTBO, firmware	-	No source gap currently points to kernel; cloning full reference history is deferred.
Firmware	ABL/XBL/TZ/HYP/AOP/modem/DSP and early boot	current generated .501 firmware list; live rescue .302 protected	reference vendor radio/*.img and .500 firmware list	Stable baseline; no firmware change tested	Reference has different stock generation	DO_NOT_PORT	P0	No touch in first port batches	CRITICAL	AVB, rollback indexes, modem/NV/calibration, boot chain	-	No reference firmware/blob update is safe without a confirmed hardware defect and rollback proof.
